{
  "player.death": {
    "sounds": [{ "name": "ttt:player_death" }]
  },
  "item.weapon.pistol.fire": {
    "sounds": [{ "name": "ttt:item/weapon/handgun" }]
  },
  "item.weapon.pistol.reload": {
    "sounds": [{ "name": "ttt:item/weapon/gun_reload_2s" }]
  },
  "item.weapon.deagle.fire": {
    "sounds": [{ "name": "ttt:item/weapon/handgun" }]
  },
  "item.weapon.deagle.reload": {
    "sounds": [{ "name": "ttt:item/weapon/gun_reload_3s"} ]
  },
  "item.weapon.glock.fire": {
    "sounds": [{ "name": "ttt:item/weapon/handgun" }]
  },
  "item.weapon.glock.reload": {
    "sounds": [{ "name": "ttt:item/weapon/gun_reload_2s"} ]
  },
  "item.weapon.shotgun.fire": {
    "sounds": [{ "name": "ttt:item/weapon/shotgun" }]
  },
  "item.weapon.shotgun.reload": {
    "sounds": [
      { "name": "ttt:item/weapon/shotgun_reload_1" },
      { "name": "ttt:item/weapon/shotgun_reload_2" }
    ]
  },
  "item.weapon.rifle.fire": {
    "sounds": [{ "name": "ttt:item/weapon/rifle" }]
  },
  "item.weapon.rifle.reload": {
    "sounds": [{ "name": "ttt:item/weapon/gun_reload_3s"} ]
  },
  "item.weapon.baseball_bat.hit": {
    "sounds": [{ "name": "ttt:item/weapon/baseball_bat_hit" }]
  },
  "item.weapon.knife.hit": {
    "sounds": [{ "name": "ttt:item/weapon/knife_hit" }]
  },
  "item.weapon.generic.empty_magazine": {
    "sounds": [{ "name": "ttt:item/weapon/empty_magazine" }]
  },
  "item.cloaking_device.on": {
    "sounds": [{ "name": "ttt:item/cloaking_device_on" }]
  },
  "item.cloaking_device.off": {
    "sounds": [{ "name": "ttt:item/cloaking_device_off" }]
  },
  "item.defibrillator.use": {
    "sounds": [{
      "name": "ttt:item/defibrillator_use",
      "stream": true
    }]
  },
  "item.defibrillator.failed": {
    "sounds": [{ "name": "ttt:item/defibrillator_failed" }]
  }
}
